url_path,views_total,views_unique
/morganstanley/modern-cpp-kafka,285,170
/morganstanley/modern-cpp-kafka/tree/main/include,44,31
/morganstanley/modern-cpp-kafka/tree/main/include/kafka,41,30
/morganstanley/modern-cpp-kafka/tree/main/examples,29,17
/morganstanley/modern-cpp-kafka/tree/main,27,17
/morganstanley/modern-cpp-kafka/releases,17,5
/morganstanley/modern-cpp-kafka/blob/main/include/kafka/Types.h,15,7
/morganstanley/modern-cpp-kafka/tree/main/doc,12,9
/morganstanley/modern-cpp-kafka/issues,12,8
/morganstanley/modern-cpp-kafka/blob/main/CMakeLists.txt,12,7
